{
  "name": "korpo44",
  "vendorId": "0x1926",
  "productId": "0x4625",
  "lighting": "",
  "matrix": { "rows": 8, "cols": 6 },
  "layouts": {
    "keymap": [
        [
            {
            "y": 0.35,
            "x": 3.25
            },
            "0,3"
        ],
        [
            {
            "y": -0.87,
            "x": 2.25
            },
            "0,2",
            {
            "x": 1
            },
            "0,4"
        ],
        [
            {
            "y": -0.87,
            "x": 5.25
            },
            "0,5"
        ],
        [
            {
            "y": -0.53,
            "x": 1.25
            },
            "0,1"
        ],
        [
            {
            "y": -0.8700000000000001,
            "x": 0.25
            },
            "0,0"
        ],
        [
            {
            "y": -0.8599999999999999,
            "x": 3.25
            },
            "1,3"
        ],
        [
            {
            "y": -0.8700000000000001,
            "x": 2.25
            },
            "1,2",
            {
            "x": 1
            },
            "1,4"
        ],
        [
            {
            "y": -0.8700000000000001,
            "x": 5.25
            },
            "1,5"
        ],
        [
            {
            "y": -0.5299999999999998,
            "x": 1.25
            },
            "1,1"
        ],
        [
            {
            "y": -0.8700000000000001,
            "x": 0.25
            },
            "1,0"
        ],
        [
            {
            "y": -0.8599999999999999,
            "x": 3.25
            },
            "2,3"
        ],
        [
            {
            "y": -0.8700000000000001,
            "x": 2.25
            },
            "2,2",
            {
            "x": 1
            },
            "2,4"
        ],
        [
            {
            "y": -0.8700000000000001,
            "x": 5.25
            },
            "2,5"
        ],
        [
            {
            "y": -0.5299999999999998,
            "x": 1.25
            },
            "2,1"
        ],
        [
            {
            "y": -0.8700000000000001,
            "x": 0.25
            },
            "2,0"
        ],
        [
            {
            "y": -0.48,
            "x": 3,
            "w": 1.25
            },
            "3,2",
            "3,3"
        ],
        [
            {
            "r": 20,
            "y": -3.08,
            "x": 6.55
            },
            "3,4"
        ],
        [
            {
            "r": 30,
            "y": -2.35,
            "x": 7.9
            },
            "3,5"
        ]
    ]
  }
}

